h1,h2,h3,h4,h5,h6
Crack your goal with India’s top educators,Select your goal / exam,Popular goals,UPSC CSE - GS,Over10 crorelearners trust us for their preparation,
,Start learning with Unacademy,Daily live classes,IIT JEE,200+exams available for your preparation,
,,Practice and revise,NEET UG,Reach out to us,
,,"Learn anytime, anywhere",Bank exams,Call,
,,Get unlimited access to structured courses & doubt clearing sessions,SSC JE & state AE exams,Company,
,,,CAT & other MBA entrance tests,Help & support,
,,,CBSE class 12,Company,
,,,CA Intermediate,Popular goals,
,,,60,Unacademy Centre,
,,,+,Study material,
,,,1.5k,,
,,,+,,
,,,3.2B,,
,,,+,,
,,,14k,,
,,,+,,
,,,1M,,
,,,+,,
,,,Get the learning app,,
,,,"Download lessons and learn anytime, anywhere with the Unacademy app",,
